symbol,fill_ratio,A_base,A_real_only,B_base,B_real_only
KRW-SHIB,0.0025,27,27,46,46
KRW-KAITO,0.0324,31,30,40,39
KRW-SUI,0.0027,42,42,51,51
KRW-MMT,0.0879,33,30,38,35
KRW-LINK,0.0035,39,39,95,94
KRW-PUMP,0.0859,41,35,68,62
KRW-NEAR,0.0036,36,36,71,70
KRW-ZBT,0.0341,31,30,48,48
KRW-LA,0.0295,27,25,42,42
KRW-CHIP,0.0242,20,20,34,34
KRW-QUID,0.0101,0,0,0,0
KRW-PENGU,0.0093,41,41,71,71
KRW-AVAX,0.0076,52,52,64,62
KRW-VIRTUAL,0.0057,36,36,52,51
KRW-MOVE,0.0223,32,32,33,33
KRW-UNI,0.0223,40,38,60,56
KRW-PIEVERSE,0.022,11,10,15,15
KRW-PRL,0.0689,19,17,23,23
KRW-HBAR,0.0114,22,22,51,50
KRW-ONT,0.0787,35,32,43,41
KRW-ENSO,0.0128,33,33,41,41
KRW-XPL,0.0176,31,31,45,45
KRW-SAHARA,0.0084,21,21,29,29
KRW-AAVE,0.0186,38,38,81,80
KRW-ARX,0.0146,4,4,7,7
KRW-TRX,0.0027,31,31,50,50
KRW-HOLO,0.0589,28,27,26,25
KRW-WLFI,0.0392,36,34,47,45
KRW-BCH,0.0106,47,46,64,64
KRW-DATA,0.0084,25,25,41,40
KRW-PLUME,0.0879,28,27,56,51
KRW-ARB,0.0423,38,38,85,84
KRW-STORJ,0.1535,32,27,42,39
KRW-BONK,0.0242,37,36,61,61
KRW-ETC,0.0079,50,50,54,54
KRW-ESP,0.1272,22,19,33,28
KRW-0G,0.0245,36,34,33,33
KRW-META2,0.0574,0,0,0,0
KRW-BSB,0.0747,0,0,0,0
KRW-ERA,0.1766,38,34,36,33
KRW-MIRA,0.0539,28,28,42,40
KRW-SAND,0.0188,35,34,49,49
KRW-PEPE,0.012,29,29,51,51
KRW-POL,0.0371,22,19,71,69
KRW-STX,0.0172,41,41,43,43
KRW-IRYS,0.0263,7,7,15,15
KRW-AXS,0.0158,31,30,35,35
KRW-TAO,0.0134,31,31,47,47
KRW-ALGO,0.0398,19,16,60,56
KRW-JTO,0.0256,28,28,37,35
KRW-CC,0.0612,27,27,30,29
KRW-BIRB,0.0919,32,30,41,38
KRW-ME,0.0449,26,26,29,28
KRW-SEI,0.0124,28,28,44,44
KRW-ENS,0.0189,38,38,40,40
KRW-ZRO,0.0385,28,27,47,46
KRW-TRUMP,0.0116,33,31,42,42
KRW-XEC,0.0693,27,25,42,39
KRW-RVN,0.1081,30,27,35,33
KRW-ZAMA,0.087,24,23,27,25
KRW-GEOD,0.0864,0,0,0,0
KRW-AKT,0.0259,16,16,30,29
KRW-FIL,0.034,34,33,53,48
KRW-APT,0.0229,37,34,72,68
KRW-DRV,0.1101,6,5,8,8
KRW-ID,0.0382,28,28,39,39
KRW-SOON,0.0666,20,20,26,21
KRW-O,0.062,5,4,7,7
KRW-AVNT,0.0671,30,29,36,34
KRW-TREE,0.0791,33,31,37,34
KRW-KITE,0.0193,25,25,45,45
KRW-BLEND,0.075,10,9,24,24
KRW-MANTRA,0.0635,37,35,36,36
KRW-CFG,0.039,20,20,25,24
KRW-GAS,0.0392,41,38,34,33
KRW-BERA,0.0255,27,26,26,26
KRW-MEGA,0.0312,15,14,23,23
KRW-SOPH,0.0977,32,30,37,36
KRW-UP2,0.0528,12,12,26,26
KRW-ZORA,0.0769,49,46,52,51
KRW-OPG,0.1218,7,7,6,6
KRW-BSV,0.0538,26,22,26,26
KRW-HYPER,0.1221,29,27,29,27
KRW-TRAC,0.1074,11,9,21,20
KRW-IN,0.0396,37,34,50,49
KRW-ATH,0.0286,30,28,34,31
KRW-ETHFI,0.1193,33,29,57,49
KRW-MON,0.1009,31,25,43,37
KRW-ZIL,0.1123,29,28,36,34
KRW-B3,0.0435,21,21,34,34
KRW-ELSA,0.0814,22,20,24,24
KRW-JUP,0.0926,35,33,75,66
KRW-SIGN,0.0664,20,19,19,17
KRW-FLOCK,0.0589,35,34,49,47
KRW-DEEP,0.1148,30,25,30,28
KRW-G,0.1035,33,30,20,20
KRW-INJ,0.0677,34,32,52,49
KRW-VVV,0.0452,11,11,12,12
KRW-BIGTIME,0.1164,32,30,22,20
KRW-BIO,0.085,28,27,45,44
KRW-RENDER,0.0332,40,37,72,69
KRW-BARD,0.0492,28,26,22,21
KRW-CHZ,0.0374,32,31,45,44
KRW-LSK,0.1994,26,20,39,37
KRW-CRO,0.0913,36,29,44,42
KRW-VANA,0.0901,24,21,25,24
KRW-LAYER,0.0608,28,25,34,33
KRW-RED,0.1656,27,23,37,33
KRW-DOT,0.0419,30,29,53,51
KRW-ATOM,0.0252,38,38,68,68
KRW-DOOD,0.0811,29,26,36,36
KRW-XAUT,0.1475,19,11,70,60
KRW-BORA,0.1146,33,31,34,32
KRW-AWE,0.0997,29,27,30,28
KRW-WAVES,0.0694,41,38,32,31
KRW-ZKP,0.1204,44,39,44,41
KRW-EDGE,0.0994,26,24,37,35
KRW-ELF,0.2791,39,23,32,27
KRW-AI,0.0967,2,2,3,3
KRW-SNT,0.1776,38,31,32,29
KRW-OPEN,0.067,35,33,31,27
KRW-SKR,0.1844,38,35,39,36
KRW-MET2,0.225,30,22,33,30
KRW-FF,0.1189,29,27,45,45
KRW-KAT,0.0531,21,20,23,23
KRW-W,0.1094,29,22,36,31
KRW-PENDLE,0.0929,33,27,54,49
KRW-SPK,0.0916,15,15,19,17
KRW-PYTH,0.0712,28,27,40,39
KRW-STEEM,0.1331,26,19,26,26
KRW-COW,0.4032,29,17,25,17
